<?xml version="1.0" encoding="UTF-8"?>
<project-private xmlns="http://www.netbeans.org/ns/project-private/1">
    <editor-bookmarks xmlns="http://www.netbeans.org/ns/editor-bookmarks/2" lastBookmarkId="0"/>
    <open-files xmlns="http://www.netbeans.org/ns/projectui-open-files/2">
        <group>
            <file>file:/F:/ULP/Segundo%20Cuatrimestre/Laboratorio%20I/NetBeansProjects/Visco_Practico7_Und1/src/vistas/Menu.java</file>
            <file>file:/F:/ULP/Segundo%20Cuatrimestre/Laboratorio%20I/NetBeansProjects/Visco_Practico7_Und1/src/clases/TestMain.java</file>
            <file>file:/F:/ULP/Segundo%20Cuatrimestre/Laboratorio%20I/NetBeansProjects/Visco_Practico7_Und1/src/vistas/JIntlFrAltaDeMaterias.java</file>
            <file>file:/F:/ULP/Segundo%20Cuatrimestre/Laboratorio%20I/NetBeansProjects/Visco_Practico7_Und1/src/clases/Alumno.java</file>
            <file>file:/F:/ULP/Segundo%20Cuatrimestre/Laboratorio%20I/NetBeansProjects/Visco_Practico7_Und1/src/vistas/JIntFrFormularioDeInscripcion.java</file>
            <file>file:/F:/ULP/Segundo%20Cuatrimestre/Laboratorio%20I/NetBeansProjects/Visco_Practico7_Und1/src/vistas/JIntlFrAltaDeAlumnos.java</file>
            <file>file:/F:/ULP/Segundo%20Cuatrimestre/Laboratorio%20I/NetBeansProjects/Visco_Practico7_Und1/src/clases/Materia.java</file>
        </group>
    </open-files>
</project-private>
